"relative_path","size_bytes","last_write_time","sha256"
".gitignore","426","2026-08-14 14:16:02 +01:00","ecb74b7b8b45668462ecd54f90a78f92c2b5bbcfc3a09eaae8ec46ac28839566"
"analysis\build_normalized_citation_figure.py","6319","2026-08-15 00:11:48 +01:00","0cc02561cf157d80e4df76b1c33d6420e06fd0dde3f76c714d4754d4b9f49c0f"
"analysis\build_results_figures.py","9655","2026-08-15 00:02:37 +01:00","0383725f2af78cc217eccb9d382012d583ba99c133cc6164767c7b9dce9efa08"
"analysis\compare_input_groups.py","20819","2026-08-15 00:28:18 +01:00","f212817ab836b56793b515288292b007e195d25244e60ba3654759953b7ee004"
"annotations\holding_grounding_annotation.xlsx","502485","2026-08-18 15:55:02 +01:00","a7a0ed03489ae297bdb9731039b922ae355ce9fae048fae78f83899fee8d9ec7"
"annotations\holding_grounding_codebook.md","13035","2026-08-16 14:13:53 +01:00","dc7490755b90dbdb0b53831e741b78deceadc88e4f1e6d967c210df957e77ad1"
"baseline_manifest.txt","3553","2026-08-18 18:27:48 +01:00","3e81733f47efde3898db22e4a852bf5cf11ff4db67cde217222fe3f6d300478f"
"data\judgment_cache\https___jcpc_uk_cases_jcpc_2010_0007.txt","34","2026-08-16 13:42:57 +01:00","56fbafd2becf97e532216bd82295c6d49d8b2a2708a98d70f1882677dc2884f8"
"data\judgment_cache\https___publications_parliament_uk_pa_ld200102_ldjudgmt_jd020523_burket_1_htm.txt","34","2026-08-16 13:45:09 +01:00","56fbafd2becf97e532216bd82295c6d49d8b2a2708a98d70f1882677dc2884f8"
"data\judgment_cache\https___publications_parliament_uk_pa_ld200102_ldjudgmt_jd020704_graham_1_htm.txt","34","2026-08-16 13:44:10 +01:00","56fbafd2becf97e532216bd82295c6d49d8b2a2708a98d70f1882677dc2884f8"
"data\judgment_cache\https___publications_parliament_uk_pa_ld200203_ldjudgmt_jd030227_sham_1_htm.txt","34","2026-08-16 13:39:31 +01:00","56fbafd2becf97e532216bd82295c6d49d8b2a2708a98d70f1882677dc2884f8"
"data\judgment_cache\https___publications_parliament_uk_pa_ld200304_ldjudgmt_jd040401_gorr_1_htm.txt","34","2026-08-16 13:44:00 +01:00","56fbafd2becf97e532216bd82295c6d49d8b2a2708a98d70f1882677dc2884f8"
"data\judgment_cache\https___publications_parliament_uk_pa_ld200809_ldjudgmt_jd090701_chart_1_htm.txt","34","2026-08-16 13:42:06 +01:00","56fbafd2becf97e532216bd82295c6d49d8b2a2708a98d70f1882677dc2884f8"
"data\judgment_cache\https___publications_parliament_uk_pa_ld200809_ldjudgmt_jd090730_moore_1_htm.txt","34","2026-08-16 13:40:54 +01:00","56fbafd2becf97e532216bd82295c6d49d8b2a2708a98d70f1882677dc2884f8"
"data\judgment_cache\https___www_bailii_org_ew_cases_EWCA_Civ_1997_1279_html.txt","34","2026-08-16 13:42:53 +01:00","56fbafd2becf97e532216bd82295c6d49d8b2a2708a98d70f1882677dc2884f8"
"data\judgment_cache\https___www_bailii_org_ew_cases_EWCA_Civ_1999_811_html.txt","34","2026-08-16 13:44:55 +01:00","56fbafd2becf97e532216bd82295c6d49d8b2a2708a98d70f1882677dc2884f8"
"data\judgment_cache\https___www_bailii_org_ew_cases_EWCA_Civ_2001_406_html.txt","34","2026-08-16 13:42:02 +01:00","56fbafd2becf97e532216bd82295c6d49d8b2a2708a98d70f1882677dc2884f8"
"data\judgment_cache\https___www_bailii_org_ew_cases_EWCA_Civ_2002_605_html.txt","34","2026-08-16 13:45:16 +01:00","56fbafd2becf97e532216bd82295c6d49d8b2a2708a98d70f1882677dc2884f8"
"data\judgment_cache\https___www_bailii_org_ew_cases_EWCA_Civ_2005_142_html.txt","34","2026-08-16 13:39:36 +01:00","56fbafd2becf97e532216bd82295c6d49d8b2a2708a98d70f1882677dc2884f8"
"data\judgment_cache\https___www_bailii_org_ew_cases_EWCA_Civ_2006_244_html.txt","34","2026-08-16 13:40:28 +01:00","56fbafd2becf97e532216bd82295c6d49d8b2a2708a98d70f1882677dc2884f8"
"data\judgment_cache\https___www_bailii_org_ew_cases_EWCA_Civ_2008_35_html.txt","34","2026-08-16 13:41:46 +01:00","56fbafd2becf97e532216bd82295c6d49d8b2a2708a98d70f1882677dc2884f8"
"data\judgment_cache\https___www_bailii_org_ew_cases_EWCA_Civ_2010_776_html.txt","34","2026-08-16 13:44:03 +01:00","56fbafd2becf97e532216bd82295c6d49d8b2a2708a98d70f1882677dc2884f8"
"data\judgment_cache\https___www_bailii_org_ew_cases_EWCA_Civ_2020_408_html.txt","34","2026-08-16 13:43:49 +01:00","56fbafd2becf97e532216bd82295c6d49d8b2a2708a98d70f1882677dc2884f8"
"data\judgment_cache\https___www_bailii_org_ew_cases_EWHC_Admin_2023_1995_html.txt","34","2026-08-16 13:45:05 +01:00","56fbafd2becf97e532216bd82295c6d49d8b2a2708a98d70f1882677dc2884f8"
"data\judgment_cache\https___www_bailii_org_ew_cases_EWHC_Ch_2006_3306_html.txt","34","2026-08-16 13:43:32 +01:00","56fbafd2becf97e532216bd82295c6d49d8b2a2708a98d70f1882677dc2884f8"
"data\judgment_cache\https___www_bailii_org_ew_cases_EWHC_KB_2023_1290_html.txt","34","2026-08-16 13:44:13 +01:00","56fbafd2becf97e532216bd82295c6d49d8b2a2708a98d70f1882677dc2884f8"
"data\judgment_cache\https___www_bailii_org_uk_cases_UKHL_1963_4_html.txt","34","2026-08-16 13:43:00 +01:00","56fbafd2becf97e532216bd82295c6d49d8b2a2708a98d70f1882677dc2884f8"
"data\judgment_cache\https___www_bailii_org_uk_cases_UKHL_1990_2_html.txt","34","2026-08-16 13:40:51 +01:00","56fbafd2becf97e532216bd82295c6d49d8b2a2708a98d70f1882677dc2884f8"
"data\judgment_cache\https___www_bailii_org_uk_cases_UKHL_1994_5_html.txt","34","2026-08-16 13:43:04 +01:00","56fbafd2becf97e532216bd82295c6d49d8b2a2708a98d70f1882677dc2884f8"
"data\judgment_cache\https___www_gov_uk_government_publications_boundary_agreements_and_determined_boundaries_pg40s4_practice_guide_40_land_r.txt","34","2026-08-16 13:44:07 +01:00","56fbafd2becf97e532216bd82295c6d49d8b2a2708a98d70f1882677dc2884f8"
"data\judgment_cache\https___www_justice_gov_uk_courts_procedure_rules_civil_rules_part52_practice_direction_52d_statutory_appeals_and_appeal.txt","63003","2026-08-16 13:42:31 +01:00","1183cea0ab7645be1d52433fd8e53f3aea4db7af56344675f0b125b7b5c23f70"
"data\judgment_cache\https___www_legislation_gov_uk_ukpga_1981_54_section_35A.txt","14072","2026-08-16 13:41:39 +01:00","977f420e0de489f56b4593199bfbbde844812327bc7bcdcf89b87b9af82f5635"
"data\judgment_cache\https___www_supremecourt_uk_cases_uksc_2013_0136.txt","34","2026-08-16 13:43:07 +01:00","56fbafd2becf97e532216bd82295c6d49d8b2a2708a98d70f1882677dc2884f8"
"data\judgment_cache\https___www_supremecourt_uk_cases_uksc_2016_0042.txt","34","2026-08-16 13:39:41 +01:00","56fbafd2becf97e532216bd82295c6d49d8b2a2708a98d70f1882677dc2884f8"
"data\judgment_cache\https___www_supremecourt_uk_cases_uksc_2019_0029.txt","34","2026-08-16 13:41:50 +01:00","56fbafd2becf97e532216bd82295c6d49d8b2a2708a98d70f1882677dc2884f8"
"data\processed\citation_correctness_breakdown.csv","126","2026-08-14 23:59:45 +01:00","3a97ecde523572e81276e2afc6028f1e893606541ab624fa96cc875fdc7499fb"
"data\processed\citation_retrieval_verification_115.csv","83790","2026-08-14 21:58:11 +01:00","c26a7b6fd133a79dd9a0722b9b0701b545359fa4fc0fba5ed31040d20268969e"
"data\processed\citation_retrieval_verification_115.json","203005","2026-08-14 21:58:11 +01:00","fe1ef6c01bef8a7a82523413c617afd4311b2fd392eb2ecdc128dfe4a1040c23"
"data\processed\citation_review_summary.csv","406","2026-08-14 23:59:45 +01:00","24945229cb22861e6c00a6932acdada0cbf094cb3e7684fed2d63fbe31dcbb5c"
"data\processed\citation_review_summary.json","987","2026-08-14 23:59:45 +01:00","96c5bc9d181a5f6c0d8a958f3d06ee4f0cca833b9155c506ad234f2d9546f4f6"
"data\processed\hercules_citation_extraction_59_2026-08-14.xlsx","198079","2026-08-14 19:32:13 +01:00","8ed32046c7fdbeedd298ce6956e960ad4551862ccb4073eda31ff5b9546c1d86"
"data\processed\hercules_judgment_input_manifest_59_2026-08-14.xlsx","16203","2026-08-14 19:05:15 +01:00","b023b5f47a588dfa6ed5dc76ee98579c10fb3f86b5740ebdb965a6d6ae6881f3"
"data\processed\hercules-inputs\real-xml\Ellis_v_SSJ_Appellant_Skeleton_Argument.xml","53507","2026-08-02 09:27:50 +01:00","77c39bdcbb8804097c9e54c613aa22e05a465d1366338d0e1eaff75eb2e24253"
"data\processed\hercules-inputs\real-xml\Ellis_v_SSJ_Respondent_Skeleton_Argument.xml","55463","2026-08-02 12:54:32 +01:00","15701862976a66c46092ece48d389a9e81bff5cfce0fead846f5bb96d5b57481"
"data\processed\hercules-inputs\real-xml\Greenfields_Appellant_Skeleton_Argument.xml","77277","2026-08-02 12:57:19 +01:00","3af11ad762d840cb6d702d215aabfa9ed54f0ea146d63d525176de29c7070a91"
"data\processed\hercules-inputs\real-xml\Greenfields_Respondent_Skeleton_Argument.xml","37524","2026-08-02 12:57:22 +01:00","ba87a5f4a4ca2e481a9995334e9c3b321c364507fefacced0c25908f163fac75"
"data\processed\hercules-inputs\real-xml\Hippodrome_Casino_Ltd_v_HMRC_Appellant_Skeleton_Argument.xml","60556","2026-08-02 09:27:50 +01:00","e5bdbd3e6089477d9739e0cfceec04582c2600c620021fb959f17b9170f577f7"
"data\processed\hercules-inputs\real-xml\Hippodrome_Casino_Ltd_v_HMRC_Respondent_Skeleton_Argument.xml","19656","2026-08-02 09:27:50 +01:00","58f877ad176d16758118b5793c552e0a20ed9334dd1442dcd0a8776e414525c6"
"data\processed\hercules-inputs\real-xml\Karpasitis_v_Hertfordshire_CC_Appellant_Skeleton_Argument.xml","38058","2026-08-02 09:27:50 +01:00","6d253bbb1a6e69347e339300edaca604f3ce68783f0134e66e014462cf81faab"
"data\processed\hercules-inputs\real-xml\Karpasitis_v_Hertfordshire_CC_Respondent_Skeleton_Argument.xml","51218","2026-08-02 09:27:50 +01:00","fe2b8ab82eda7241cda79d463e3d11589ecde4ad6c2388e50f9f26dfdcffe028"
"data\processed\hercules-inputs\real-xml\KSY_Juice_Blends_v_Citrosuco_GMBH_Appellant_Skeleton_Argument.xml","61670","2026-08-02 13:18:00 +01:00","464ea41ebfb69d8c456c9c73104db347eeafe6260e3a88272705401c61f91349"
"data\processed\hercules-inputs\real-xml\KSY_Juice_Blends_v_Citrosuco_GMBH_Respondent_Skeleton_Argument_FINAL_.xml","72278","2026-08-02 13:17:58 +01:00","c510d71072d84a9e7dd35b6d8b0c5070bec0fc6c7b65ecb67966f4dd96a78149"
"data\processed\hercules-inputs\real-xml\Lutz_Ryanair_appellant_skeleton_argument.xml","51357","2026-08-02 13:22:45 +01:00","594176f21b1c7f61b933180557c3cdf2dbcbeac10d5deb625495f688428a9de4"
"data\processed\hercules-inputs\real-xml\Lutz_Ryanair_respondent_skeleton_argument.xml","56532","2026-08-02 13:22:49 +01:00","066c582f0bc1c04e2a00e1b5878d1ed6de4c8b122e92ed2e608531fc0bddcc4d"
"data\processed\hercules-inputs\real-xml\Lutz_Storm_Global_appellant_skeleton_argument.xml","51507","2026-08-02 09:27:50 +01:00","e5c635b9ae1aa3519528e2c4cabe457c307082d1d0ffb5692cedcb9cf17d6672"
"data\processed\hercules-inputs\real-xml\Lutz_Storm_Global_respondent_skeleton_argument.xml","52785","2026-08-02 09:27:50 +01:00","7992ae25baa12cd8533c7483014752b4cff1762404697fde75cdfa4caa310297"
"data\processed\hercules-inputs\real-xml\Moderna_appellant_Skeleton_Argument.xml","69367","2026-08-02 09:27:50 +01:00","ac958b254fb43b847b1b36811f01960b24843b99f3ca73156c2c01e8838cf9a3"
"data\processed\hercules-inputs\real-xml\Moderna_Respondents_Notice_Skeleton_Argument.xml","6149","2026-08-02 13:46:25 +01:00","93225f8bdc7159a62a33e17feafc2b7b4004799a596d7913dd716b8c2494c3f5"
"data\processed\hercules-inputs\real-xml\Pfizer_appellant_Skeleton_Argument.xml","55480","2026-08-02 14:03:13 +01:00","6052778ba65378cddf20116bffbcfa76506f38a3d3632e229586afe6a024ec1f"
"data\processed\hercules-inputs\real-xml\Pfizer_Respondent_Notice_Skeleton_Argument.xml","15631","2026-08-02 09:27:50 +01:00","5c918ef681af6d8fc68d19cec68e1e337f621af1afc5db3f182870ae5b8eeaf8"
"data\processed\hercules-inputs\real-xml\Royal_Embassy_of_Saudi_Arabia_v_Alhayali_Claimant_Skeleton_Argument.xml","71230","2026-08-02 09:27:50 +01:00","0052dcd6ff7047e8e31fc616f1d9cb3227d93a7aa9af783c196ff135bfe4082a"
"data\processed\hercules-inputs\real-xml\Royal_Embassy_of_Saudi_Arabia_v_Alhayali_Defendant_Skeleton_Argument.xml","77181","2026-08-02 13:43:08 +01:00","27b6409f9adcdb3b0dceb05340f13ceb1760bff0ad75c0e1eb8d73e4d056683b"
"data\processed\hercules-inputs\real-xml\TAN_v_SST_Appellant_Skeleton_Argument.xml","39024","2026-08-02 09:27:50 +01:00","2453eb0d412fbdbd09be970207a5aae2a55d9d9148dd2fc7e1c723f3588376f6"
"data\processed\hercules-inputs\real-xml\TAN_v_SST_Respondent_Skeleton_Argument.xml","38571","2026-08-02 09:27:50 +01:00","dd7c88657d08d49848dd702fc2989b9544debb87e7a66cfcd6935b308e2be19a"
"data\processed\hercules-inputs\synthetic-xml\Aldridge_v_Crawford_Appellant.xml","3736","2026-01-12 01:18:32 +00:00","5d0b8e9d5ccc6301e3c26844f1bc254da39e9ce8689acd2aed71ae5dfc4d7256"
"data\processed\hercules-inputs\synthetic-xml\Aldridge_v_Crawford_Respondent.xml","3640","2026-01-12 01:18:32 +00:00","998dfd6b83cd42bd06daf86e8bec0e5630679282c06a598408efea5412480adf"
"data\processed\hercules-inputs\synthetic-xml\Beacon_Manufacturing_Ltd_v_Alliance_Insurance_Plc_Appellant.xml","3888","2026-01-12 01:18:32 +00:00","19d623afbcdf8b781d804054a696dbae0e69807122e8c1b4d1591fc8d24e5990"
"data\processed\hercules-inputs\synthetic-xml\Beacon_Manufacturing_Ltd_v_Alliance_Insurance_Plc_Respondent.xml","4654","2026-01-12 01:18:32 +00:00","a292870596722169861f4ea648069e4f90b330c3e8080dc80ae4e54892fe8d7d"
"data\processed\hercules-inputs\synthetic-xml\Blackwood_v_Blackwood_Appellant.xml","3725","2026-01-12 01:18:32 +00:00","52d1a5e8fc3bc7969860e1d3a324e4e8c32b2910742902d9578ffdda5dc773ae"
"data\processed\hercules-inputs\synthetic-xml\Blackwood_v_Blackwood_Respondent.xml","4509","2026-01-12 01:18:32 +00:00","e9202cc2688d0e05977a60a3f3523d1467b6c0724d18becbb706718dee3edb6e"
"data\processed\hercules-inputs\synthetic-xml\Collins_v_North_Thames_NHS_Foundation_Trust_Appellant.xml","4027","2026-01-12 01:18:32 +00:00","7d6dac9a48e5c751e3a482f314fd0eb835487d7375eb3d3a8ede877a4d2b998e"
"data\processed\hercules-inputs\synthetic-xml\Collins_v_North_Thames_NHS_Foundation_Trust_Respondent.xml","4568","2026-01-12 01:18:32 +00:00","075adbc1041b26402f4a1e1f5940edecb8b4aed1e06a54e54ccb7cffb4b6dc64"
"data\processed\hercules-inputs\synthetic-xml\Crossfield_Trading_Ltd_v_Northern_Commercial_Bank__Appellant.xml","3776","2026-01-12 01:18:32 +00:00","3615690a8b83850c851799fa94f57be07d09703fd4325601d86ec0d2f732071b"
"data\processed\hercules-inputs\synthetic-xml\Crossfield_Trading_Ltd_v_Northern_Commercial_Bank__Respondent.xml","3787","2026-01-12 01:18:32 +00:00","1f573e1851e1b20b4bb93e5b189ed863b5b59ebf8dff3ffad3b39ce3c977df7a"
"data\processed\hercules-inputs\synthetic-xml\Harrison_v_SSJ_Appellant.xml","6444","2026-01-07 11:02:53 +00:00","3d86995ad4aa24e483f12e1d6206a1c078f3b6aab0644cc17a756fd1f2a52edc"
"data\processed\hercules-inputs\synthetic-xml\Harrison_v_SSJ_Respondent.xml","16845","2026-01-07 11:26:04 +00:00","0170da40e6ebffb04c31399d4653236e1f78c5419291b2604e64a39c4d12ce6d"
"data\processed\hercules-inputs\synthetic-xml\Heritage_Brewing_Company_Ltd_v_Traditional_Ales_Ho_Appellant.xml","3708","2026-01-12 01:18:32 +00:00","cc2aefcea1517639849ad21eb2db6993cad4c105696d4308722542e813d30258"
"data\processed\hercules-inputs\synthetic-xml\Heritage_Brewing_Company_Ltd_v_Traditional_Ales_Ho_Respondent.xml","3692","2026-01-12 01:18:32 +00:00","fc6e945460817928a20c5bb54a7e25a928671363092ee9e2f30bd6afae3d122d"
"data\processed\hercules-inputs\synthetic-xml\HMRC_v_Dolphin_Appellant.xml","6083","2025-12-09 10:28:33 +00:00","28a863deebe52aa24a8d50f277a5947c8938140171e3e008ae65e22a2eecc3f1"
"data\processed\hercules-inputs\synthetic-xml\HMRC_v_Dolphin_Respondent.xml","5914","2025-12-09 10:28:44 +00:00","0f15fff52ddf694d99e2e10f62e7bee9f88276365c759ab3fa67493a8238f22b"
"data\processed\hercules-inputs\synthetic-xml\Karpasitis_v_Hertfordshire_CC_Appellant.xml","5253","2026-01-12 18:37:39 +00:00","b6d595ce947ea3796a1e7f2cae6e6d789d9cab4ffa67cc4a53a413147d2629b1"
"data\processed\hercules-inputs\synthetic-xml\Karpasitis_v_Hertfordshire_CC_Respondent.xml","5674","2026-01-12 18:37:39 +00:00","da854bbfa6166c49b1d1bb1b3f63a650fe85ebbea3fe80a6f378f1256d80bfb1"
"data\processed\hercules-inputs\synthetic-xml\Metropolitan_Property_Holdings_Ltd_v_Artisan_Coffe_Appellant.xml","3837","2026-01-12 01:18:32 +00:00","87afc6782858f04869c7b773ef27c07ddcc15a082b818ccb80372918f1ede218"
"data\processed\hercules-inputs\synthetic-xml\Metropolitan_Property_Holdings_Ltd_v_Artisan_Coffe_Respondent.xml","3809","2026-01-12 01:18:32 +00:00","a45619642969d6573e0e753fb5ddb45f00971665ed5b1b61263e86aa7ae11892"
"data\processed\hercules-inputs\synthetic-xml\Sharma_v_Meridian_Financial_Services_Ltd_Appellant.xml","3816","2026-01-12 01:18:32 +00:00","a96932adfab35b016e08dc68df3c5467a491f7dc73420912968bb47cc2fef4be"
"data\processed\hercules-inputs\synthetic-xml\Sharma_v_Meridian_Financial_Services_Ltd_Respondent.xml","4404","2026-01-12 01:18:32 +00:00","fadc90e37121cad80cfecd327ef082b2f94dab64a2f2fe4f9122f94b8f775701"
"data\processed\hercules-inputs\synthetic-xml\Sterling_Investments_Ltd_v_Blackwood_Capital_Partn_Appellant.xml","4094","2026-01-12 01:18:32 +00:00","3188fcc8dc386db78ce5fbd6def58ac0d6d6f043ee50508ff06db2298506b165"
"data\processed\hercules-inputs\synthetic-xml\Sterling_Investments_Ltd_v_Blackwood_Capital_Partn_Respondent.xml","3929","2026-01-12 01:18:32 +00:00","a866d12b0d67d341413485ae8439b45bddba61851df12ba6958cdb330c443961"
"data\processed\hercules-inputs\synthetic-xml\Sunrise_Hospitality_Group_Ltd_v_Grant_Morrison_and_Appellant.xml","3885","2026-01-12 01:18:32 +00:00","2907d026abccfd48ada8b5418061100fedea2a73c5fcb9f7755867d0b766ffb8"
"data\processed\hercules-inputs\synthetic-xml\Sunrise_Hospitality_Group_Ltd_v_Grant_Morrison_and_Respondent.xml","3714","2026-01-12 01:18:32 +00:00","1b458450cdeda2bcb8eddbda0684af98f2098b7b4c2203a48db58add558c0d6e"
"data\processed\hercules-inputs\synthetic-xml\Synthetic_TAN-v-SST-Appellant-Skeleton-Argument_Appellant.xml","3361","2026-01-12 18:56:13 +00:00","cc5e159312ffc8d32e2ca76f6a52b8d8a525d585d1c5fb9dabb50f8260dbe246"
"data\processed\hercules-inputs\synthetic-xml\Synthetic_TAN-v-SST-Respondent-Skeleton-Argument_Respondent.xml","3459","2026-01-12 18:56:13 +00:00","c7f38cf05ae9cbd245c715df3371e7ad6a067630fabe7e1c90136d558f44646c"
"data\processed\hercules-inputs\synthetic-xml\Thompson_v_Clearview_Credit_Services_Ltd_Appellant.xml","3850","2026-01-12 01:18:32 +00:00","88d9c5fb949ea275b3cd7f61e84a1be7eaae56279ec3a475963de65dc56f9df3"
"data\processed\hercules-inputs\synthetic-xml\Thompson_v_Clearview_Credit_Services_Ltd_Respondent.xml","3787","2026-01-12 01:18:32 +00:00","b3a9e96d9ad193a21b4c8a2ab6d3b54d717174cfc0ce1e83546c0336a858cfe6"
"data\processed\hercules-inputs\synthetic-xml\Thornton_v_GlobalTech_Appellant.xml","7448","2026-01-12 00:45:03 +00:00","0cc99345555e1d803ef9e7691e6d713dd3806cdb94ce977b5782c6ea6c7b4487"
"data\processed\hercules-inputs\synthetic-xml\Thornton_v_GlobalTech_Respondent.xml","7639","2026-01-12 00:45:03 +00:00","bb3f9cb89b4ca883e79c01bb9cf68b67a2bc2d6a6bb56df23cf58fc15a2144d4"
"data\processed\hercules-inputs\synthetic-xml\UnipolSai_v_Covea_Appellant.xml","7758","2026-01-27 05:02:37 +00:00","604cc070ee588b131ad37dff34228fb15fd203db141a6287b2120d53e6d8f913"
"data\processed\hercules-inputs\synthetic-xml\UnipolSai_v_Covea_Respondent.xml","7982","2026-01-27 05:02:37 +00:00","b273b2434cae76d3609dab20db915b32f7faa779b096c8bfe06da2b3c6fe04ce"
"data\processed\hercules-inputs\synthetic-xml\Webb_v_Ashworth_and_Partners_Appellant.xml","3826","2026-01-12 01:18:32 +00:00","82e4648897f78c4b7ee4afa70ee3b53ffaf0c585bfd5f37bb8b98c2c89569fb2"
"data\processed\hercules-inputs\synthetic-xml\Webb_v_Ashworth_and_Partners_Respondent.xml","4586","2026-01-12 01:18:32 +00:00","c90a166c9a650e375fb5791e7c67180604572041cbb666cd658b858376790589"
"data\processed\input_group_comparison_per_input_record.csv","3126","2026-08-15 00:29:06 +01:00","639ee53b01efcc316ee0d65991753d540e642386059a67444e86aed009efdc73"
"data\processed\input_group_comparison_per_judgment.csv","6477","2026-08-15 00:29:06 +01:00","d80cb1c09ad0b13acec5744d988292e711000d8cfcfcf73e791d16c5ccff2012"
"data\processed\input_group_statistical_comparison.csv","1505","2026-08-15 00:29:06 +01:00","c1bc520efc6dcf94c2d7f97c8eddc8fa513809bc82ac819b47ef0f90a9e6a8da"
"data\processed\input_group_statistical_comparison.json","5582","2026-08-15 00:29:06 +01:00","fdf5840a7d79aac50bcc5e337958446f201a852734c881706d2df9ec2c009747"
"data\processed\judgment_citations_59.csv","51455","2026-08-14 21:41:15 +01:00","6c3f73a08f40e882af093d2ecd4c18cfa4932242401af3c436ae1e210f6c0b6c"
"data\processed\judgment_citations_59.json","105191","2026-08-14 21:41:15 +01:00","d0be42c8815458fcc2eca4a11eaab280c0837d8f47f2b43bf6962cf7d2aa8e93"
"data\processed\retrieval_linkage_59.csv","155830","2026-08-14 21:32:24 +01:00","2547b32333bc6880364dee4832d82a078dad48c41025d62811c9dfc554bc6d81"
"data\processed\retrieval_linkage_59.json","8764289","2026-08-14 21:32:25 +01:00","9254c143c6dc9ff2945b791107ea495067e6eac04d851db90654bca893a990f0"
"data\processed\unique_citation_review.csv","9177","2026-08-14 22:08:16 +01:00","ebc6de1be6fd0135f6d20c5b75d7a5e9c1fda6b8c73d339d967a32e80bf28b9c"
"data\processed\unique_citation_review.json","36983","2026-08-14 22:08:16 +01:00","8d1250757818f86afbbfc91cbfd6fe50c3396c459e7cc82fa7098f5d4904e01d"
"data\processed\unique_citation_review.xlsx","14776","2026-08-14 23:38:34 +01:00","891a727caeb60221c12794159437c67d00c08bb38b82d14636ff0e554ca9d675"
"data\processed\unique_citation_review_V1.xlsx","16496","2026-08-14 23:17:36 +01:00","acfeb76bc31125a21839925654083f5aad7787be4933a7acf2ea6e0f171998ec"
"data\raw\database-exports\crimson-bread-93009218_production_neondb_2026-08-14_19-11-52.xlsx","12615","2026-08-14 19:11:57 +01:00","a68c4ba390485a6a8ac32f2d57ad1f6083b1860b1e3395f500be2954caf6f728"
"data\raw\database-exports\draft_decisions_59_2026-08-14.json","877713","2026-08-14 19:10:13 +01:00","3f32dc644ff3bae6b78f391355bfac4bd9f2bad1e094ea86645e93a553cd3b35"
"data\raw\database-exports\semantic_searches_66_2026-08-14.json","9122438","2026-08-14 19:34:06 +01:00","1a52adee5447ef0419e6f2ea70021285732bc8d1d7e50e10122502fe08a3c2b8"
"data\raw\input-documents\real-pdf\Ellis-v-SSJ-Appellant-Skeleton-Argument.pdf","284194","2025-12-09 10:26:51 +00:00","657135e82121181c6a8861e5813a610a36d192fa0913784c0f11f35bda4075ba"
"data\raw\input-documents\real-pdf\Ellis-v-SSJ-Respondent-Skeleton-Argument.pdf","350572","2025-12-09 10:26:51 +00:00","1812947d52c018b6967c09b367e022652a60063a747e27b68eaa1372f1eb04f9"
"data\raw\input-documents\real-pdf\Greenfields-Appellant-Skeleton-Argument.pdf","286865","2025-12-09 10:26:51 +00:00","7eacba94f486be929848d312b4832c648eeff633fdde2d0f7e51ea9216596056"
"data\raw\input-documents\real-pdf\Greenfields-Respondent-Skeleton-Argument.pdf","811387","2025-12-09 10:26:51 +00:00","74ee05afdc16f3ebdc567dc014761c011248f2ad5f062a2b1f0283f85ea90b5c"
"data\raw\input-documents\real-pdf\Hippodrome-Casino-Ltd-v-HMRC-Appellant-Skeleton-Argument.pdf","334036","2025-12-09 10:26:51 +00:00","37f84ab5b79bf613f211283e8436c181e189fc03e08b0f0cb26e0662b66531c1"
"data\raw\input-documents\real-pdf\Hippodrome-Casino-Ltd-v-HMRC-Respondent-Skeleton-Argument.pdf","262485","2025-12-09 12:26:21 +00:00","4efb9e9020680f9c71226a07eab9f0e80888cba0086c6ff8133a0ce94c3ab17a"
"data\raw\input-documents\real-pdf\Karpasitis-v-Hertfordshire-CC-Appellant-Skeleton-Argument.pdf","567198","2025-12-09 10:26:52 +00:00","a5bf733c33856b59c0284981d110f07bcfe109419d41731c363963474297028d"
"data\raw\input-documents\real-pdf\Karpasitis-v-Hertfordshire-CC-Respondent-Skeleton-Argument.pdf","239163","2025-12-09 10:26:52 +00:00","9e38099454780a7536a5ce6af1163144fed8f3887cc6d13c9d9b40226fdf71c7"
"data\raw\input-documents\real-pdf\KSY-Juice-Blends-v-Citrosuco-GMBH-Appellant-Skeleton-Argument.pdf","364070","2025-12-09 10:26:52 +00:00","880f09a13442c9d33ba4e80a59f1d9b7a89a29677ad7cc66200190d54acdd7ec"
"data\raw\input-documents\real-pdf\KSY-Juice-Blends-v-Citrosuco-GMBH-Respondent-Skeleton-Argument-FINAL_.pdf","418874","2025-12-09 10:26:52 +00:00","88b5e527fda8931dfd21ad8e051b70888ad39ce6fd9d5a0b5249172702fad3b2"
"data\raw\input-documents\real-pdf\Lutz-Ryanair-appellant-skeleton-argument.pdf","574267","2025-12-09 10:26:52 +00:00","4ae86608e48967f29b94078658d11ce309914dafe14069e97c9a97c0a77895c6"
"data\raw\input-documents\real-pdf\Lutz-Ryanair-respondent-skeleton-argument.pdf","803711","2025-12-09 10:26:52 +00:00","16dd1699e518d9035b1a4f540bc905fba1c1174486c7a78648aba9081e57eb37"
"data\raw\input-documents\real-pdf\Lutz-Storm-Global-appellant-skeleton-argument.pdf","518973","2025-12-09 10:26:52 +00:00","41304f26d3e724561438bac6ce05786f87c1ae3a8f3690c097d29cd51b029308"
"data\raw\input-documents\real-pdf\Lutz-Storm-Global-respondent-skeleton-argument.pdf","348607","2025-12-09 10:26:52 +00:00","7dccb4c93e6e45aeb0d449733921b4ef4b0cc3adbb81624ba8e487d172c23135"
"data\raw\input-documents\real-pdf\Moderna-appellant-Skeleton-Argument.pdf","296599","2025-12-09 10:26:52 +00:00","a734364dba7ecaa4e75362dedd654386abaa7b3641272ccbaf63ffd4288a1124"
"data\raw\input-documents\real-pdf\Moderna-Respondents-Notice-Skeleton-Argument.pdf","39704","2025-12-09 10:26:52 +00:00","5d73ef2428ee0b8d94d8995cd93946cce90d65ba59eb177d3e215bb66ab31ffb"
"data\raw\input-documents\real-pdf\Pfizer-appellant-Skeleton-Argument.pdf","2140201","2025-12-09 10:26:52 +00:00","b19908e8aecde105fed5df228a1457b1f9c31ec24ca245106d3b2464e28c14ee"
"data\raw\input-documents\real-pdf\Pfizer-Respondent-Notice-Skeleton-Argument.pdf","439861","2025-12-09 10:26:52 +00:00","18f0518a97e1cfe70d23cf5eb732f9e20046aff557f07bb6b70ab536c734bb86"
"data\raw\input-documents\real-pdf\Royal-Embassy-of-Saudi-Arabia-v-Alhayali-Claimant-Skeleton-Argument.pdf","388611","2025-12-09 10:26:52 +00:00","40ac28d1e89d38ebcfd7fd19cdbf72d1b4e6dffd107775ac88b3ec9bb4face2e"
"data\raw\input-documents\real-pdf\Royal-Embassy-of-Saudi-Arabia-v-Alhayali-Defendant-Skeleton-Argument.pdf","327087","2025-12-09 10:26:52 +00:00","d24cdef753b590b024e5dff1a18617acbd80a20b7077749dd42f62de4e17d884"
"data\raw\input-documents\real-pdf\TAN-v-SST-Appellant-Skeleton-Argument.pdf","428270","2025-12-09 10:26:52 +00:00","54516d60ed76ded463f83040f6f4284fc6baa7145da3d8f4a9dc8327ef9d539e"
"data\raw\input-documents\real-pdf\TAN-v-SST-Respondent-Skeleton-Argument.pdf","248867","2025-12-09 10:26:52 +00:00","1a60f6925472914f8c172613420d7ae2ffbaf71ae649fa84e930e8d5f86b0054"
"data\raw\input-documents\synthetic-pdf\Aldridge_v_Crawford_Appellant.pdf","4386","2026-01-12 01:18:32 +00:00","d12499d2d099ac987ff6a09dbb1b1ccdd68fbb23d11c6adbb81e8fb083c6cb7c"
"data\raw\input-documents\synthetic-pdf\Aldridge_v_Crawford_Respondent.pdf","4162","2026-01-12 01:18:32 +00:00","a73a353ff49d7959a47c7d3c48a079cb7081d262f90971a04a4292f6fc0cddf3"
"data\raw\input-documents\synthetic-pdf\Beacon_Manufacturing_Ltd_v_Alliance_Insurance_Plc_Appellant.pdf","4495","2026-01-12 01:18:32 +00:00","3fdb45b337bf8cf853e477a2ad530b6dd21c81cb849c5dbae1c09e58e44824f9"
"data\raw\input-documents\synthetic-pdf\Beacon_Manufacturing_Ltd_v_Alliance_Insurance_Plc_Respondent.pdf","4356","2026-01-12 01:18:32 +00:00","7c02da1220cc3b3ebfadcf489fd48da9293d82f78b30092a49dc5126055ad0f9"
"data\raw\input-documents\synthetic-pdf\Blackwood_v_Blackwood_Appellant.pdf","4356","2026-01-12 01:18:32 +00:00","c9592ed699e6e2cdc2d8139df32bae1eb06217cbbcd122766623c4d22e4d646a"
"data\raw\input-documents\synthetic-pdf\Blackwood_v_Blackwood_Respondent.pdf","4277","2026-01-12 01:18:32 +00:00","4627e8e1902101c41ec17e3225303cf2aeecd5d2885089120a57ed0a1b638bc9"
"data\raw\input-documents\synthetic-pdf\Collins_v_North_Thames_NHS_Foundation_Trust_Appellant.pdf","4665","2026-01-12 01:18:32 +00:00","e94b740f7ca4de0cc5b99adbfa9e199fd4c683f004a2cdd147b0a25f5c040e77"
"data\raw\input-documents\synthetic-pdf\Collins_v_North_Thames_NHS_Foundation_Trust_Respondent.pdf","4328","2026-01-12 01:18:32 +00:00","b17d29bf5f5b62d0a346c3f9dca31f930e657a553e6285923946e560d2d8e414"
"data\raw\input-documents\synthetic-pdf\Crossfield_Trading_Ltd_v_Northern_Commercial_Bank__Appellant.pdf","4382","2026-01-12 01:18:32 +00:00","589ef72e56459026d6256876258b902f78daff090fc88029e69ac234c38e68c3"
"data\raw\input-documents\synthetic-pdf\Crossfield_Trading_Ltd_v_Northern_Commercial_Bank__Respondent.pdf","4228","2026-01-12 01:18:32 +00:00","27dc48a09fc651f6ec7eea597ad398b22ed8eea903045a0b417d7178fb32cb90"
"data\raw\input-documents\synthetic-pdf\Harrison_v_SSJ_Appellant.pdf","6632","2026-01-12 00:16:10 +00:00","4d2bad2e62ccfa5d5a577908c69e0964c0ff3bd902c8e6a2b2d3305b99e9bf78"
"data\raw\input-documents\synthetic-pdf\Harrison_v_SSJ_Respondent.pdf","9986","2026-01-12 00:16:10 +00:00","94ec354b352a39080c25d903c7d5e5e79efd6edade803dfa93f699b9e925d5fd"
"data\raw\input-documents\synthetic-pdf\Heritage_Brewing_Company_Ltd_v_Traditional_Ales_Ho_Appellant.pdf","4274","2026-01-12 01:18:32 +00:00","78fcd9a802c49e2b3e10db4335f1813c2e6c9e36fa02698e500ac2f2cfc5e20b"
"data\raw\input-documents\synthetic-pdf\Heritage_Brewing_Company_Ltd_v_Traditional_Ales_Ho_Respondent.pdf","4276","2026-01-12 01:18:32 +00:00","4984c1b9214f44cfb7e3958b02b528a1e21d7b6471f159ea583f9083b75e7453"
"data\raw\input-documents\synthetic-pdf\HMRC_v_Dolphin_Appellant.pdf","5646","2026-01-12 00:16:10 +00:00","11130cd5e190d4b95e96557a6f0399bdd2c654a2c05fddc7a7b01413baa24f4e"
"data\raw\input-documents\synthetic-pdf\HMRC_v_Dolphin_Respondent.pdf","5540","2026-01-12 00:16:10 +00:00","797d7e12de6a4ddd15fd80559c28aeb016863790c20c798148ec20bbc682fe71"
"data\raw\input-documents\synthetic-pdf\Karpasitis-v-Hertfordshire-CC-Appellant-Skeleton-Argument.pdf","5558","2026-01-12 18:39:14 +00:00","068e582620fcd5e85b4ee4eae204f8c67b780c5d388b4942ae7b3742b4c57d9d"
"data\raw\input-documents\synthetic-pdf\Karpasitis-v-Hertfordshire-CC-Respondent-Skeleton-Argument.pdf","5434","2026-01-12 18:39:14 +00:00","0d95e7dd5bc8be130024d729cef311718bbe563fad638b928e80252c7a3faf27"
"data\raw\input-documents\synthetic-pdf\Metropolitan_Property_Holdings_Ltd_v_Artisan_Coffe_Appellant.pdf","4442","2026-01-12 01:18:32 +00:00","e75bc794efe7dd0111fcd455361bdce38f63082b9fb1a365af4c72f367bbf60c"
"data\raw\input-documents\synthetic-pdf\Metropolitan_Property_Holdings_Ltd_v_Artisan_Coffe_Respondent.pdf","4361","2026-01-12 01:18:32 +00:00","e11b8afec792b1f1aa62b208290c1500e56330171be8e44e7249715b59c6e0d3"
"data\raw\input-documents\synthetic-pdf\Sharma_v_Meridian_Financial_Services_Ltd_Appellant.pdf","4381","2026-01-12 01:18:32 +00:00","0bf2cdeac06c51799688a8aff45d8ba759c7e546cb32e7aa5fc3423975f47451"
"data\raw\input-documents\synthetic-pdf\Sharma_v_Meridian_Financial_Services_Ltd_Respondent.pdf","4165","2026-01-12 01:18:32 +00:00","bd43c1bad5421dbf57a41855f9ce77ae284f724265f2d916135c0cb982954985"
"data\raw\input-documents\synthetic-pdf\Sterling_Investments_Ltd_v_Blackwood_Capital_Partn_Appellant.pdf","4639","2026-01-12 01:18:32 +00:00","64e471bf2f6696995090666341d8fdec06ed5e8432e87055019cf8ad9b63d0da"
"data\raw\input-documents\synthetic-pdf\Sterling_Investments_Ltd_v_Blackwood_Capital_Partn_Respondent.pdf","4521","2026-01-12 01:18:32 +00:00","1e429b1eebe97d93db28568aa1dfdaba36d85d8eeb7cbd8cd777d32795d25330"
"data\raw\input-documents\synthetic-pdf\Sunrise_Hospitality_Group_Ltd_v_Grant_Morrison_and_Appellant.pdf","4457","2026-01-12 01:18:32 +00:00","f95a8304101428932bf0c2eca1e2cab9da9db8e6f0419bc26b0671e55d66b0a4"
"data\raw\input-documents\synthetic-pdf\Sunrise_Hospitality_Group_Ltd_v_Grant_Morrison_and_Respondent.pdf","4272","2026-01-12 01:18:32 +00:00","df4e7d31ba6fb0440e739f94fd87ad0984d00478e5d0653b63dfc5472f316627"
"data\raw\input-documents\synthetic-pdf\Synthetic_TAN-v-SST-Appellant-Skeleton-Argument_Appellant.pdf","3272","2026-01-12 18:56:13 +00:00","a17a0c04c7e2a3785e760d4537f2956f4a95a19aa1ffaae23d4870c6c856e522"
"data\raw\input-documents\synthetic-pdf\Synthetic_TAN-v-SST-Respondent-Skeleton-Argument_Respondent.pdf","3470","2026-01-12 18:56:13 +00:00","3847b85c0efce7585a4eb48c2c3a6e4e8969695c5d2f79c412d064e250e92722"
"data\raw\input-documents\synthetic-pdf\Thompson_v_Clearview_Credit_Services_Ltd_Appellant.pdf","4452","2026-01-12 01:18:32 +00:00","91871c8ace7c28fbb99f0fd86934557211164afa9cc9b99c2cf1d0a7773fa14b"
"data\raw\input-documents\synthetic-pdf\Thompson_v_Clearview_Credit_Services_Ltd_Respondent.pdf","4344","2026-01-12 01:18:32 +00:00","d391f162c965eed592a1f3990884a9f796e8c6c78cd51ab50cefb3a10dcdb063"
"data\raw\input-documents\synthetic-pdf\Thornton_v_GlobalTech_Appellant_Skeleton.pdf","6900","2026-01-12 00:45:03 +00:00","7e95b05a8ca629aa51701ac9a3bdb69fb35bce4eae59a8c5c9e77eaf0f6c8dad"
"data\raw\input-documents\synthetic-pdf\Thornton_v_GlobalTech_Respondent_Skeleton.pdf","6517","2026-01-12 00:45:04 +00:00","b57d36936db7216ba0df6e89a381346e4fda074a753d1e585c2fed9e34333fce"
"data\raw\input-documents\synthetic-pdf\Webb_v_Ashworth_and_Partners_Appellant.pdf","4479","2026-01-12 01:18:32 +00:00","2916bc72f648de25c8b86d256b72ae6598e334a11b013c1a367a88cd088c3515"
"data\raw\input-documents\synthetic-pdf\Webb_v_Ashworth_and_Partners_Respondent.pdf","4312","2026-01-12 01:18:32 +00:00","b4dde37a5b4a90ad609528aa9ceb2593ec024d01870087315a18dc929391ce05"
"data\raw\system-exports\qdrant\qdrant_corpus_registry_2026-08-14.csv","1160403","2026-08-14 19:56:23 +01:00","cbd315da0eae32cc9c9f9022a024ce8b7b0484a9d613de3381f02f5bc5671bc9"
"data\raw\system-exports\qdrant\qdrant_corpus_registry_2026-08-14.json","2044510","2026-08-14 19:56:22 +01:00","cadf09801a6aeb9aaf8505e12d0450b0f465272663d8239cf460194873e82eb6"
"outputs\baseline\hercules_citation_retrieval_audit_59_2026-08-14.xlsx","241536","2026-08-14 19:47:14 +01:00","f5290fa54318bee6780cbad64318d8ed0dbc8060602bd71464e901e008929fdb"
"outputs\baseline\hercules_nonretrieved_corpus_verification_86_2026-08-14_v1.xlsx","526930","2026-08-14 20:20:26 +01:00","3e97fc065f456c172f86252f16818734a99f6499c560dbecb2c5bccd76eef6af"
"outputs\baseline\hercules_nonretrieved_corpus_verification_86_2026-08-14_verified_v2.xlsx","537119","2026-08-14 20:54:25 +01:00","db6a0c920c12d7783de8f2aa2acc50622a505621562fd1b299f280c79530f4cb"
"outputs\experiments\citation-analysis\figure_1_citation_correctness.pdf","21280","2026-08-15 00:03:40 +01:00","ece529ceea36781536a5f48be4da729648d974c4b0d3054dfb8c7f336b730460"
"outputs\experiments\citation-analysis\figure_1_citation_correctness.png","77223","2026-08-15 00:03:39 +01:00","5a7490beb7d1c221b478343a1f88cc0040740426b8a157e88029ad9508d667b3"
"outputs\experiments\citation-analysis\figure_2_citations_per_judgment.pdf","25697","2026-08-15 00:12:08 +01:00","f6256d787cf24fc9adec5067f061561d2a00ea96917eae6be792ca887e1866b1"
"outputs\experiments\citation-analysis\figure_2_citations_per_judgment.png","122412","2026-08-15 00:12:07 +01:00","65c2471c6c15e08b7c12614d6993359f23e8f26d49f34ec65c665a18b1214d45"
"outputs\experiments\citation-analysis\figure_2_mentions_by_input_type.pdf","22531","2026-08-15 00:03:40 +01:00","9612051cae25986307bd04e3791802ae87fdbc17c5108dbab5c5168d4b825609"
"outputs\experiments\citation-analysis\figure_2_mentions_by_input_type.png","86951","2026-08-15 00:03:40 +01:00","f1e68d8616b71d6b1a84506f1e1423f603b87b8d4dbdadb7034c159a9c1fb660"
"outputs\experiments\citation-analysis\figure_3_retrieval_outcomes.pdf","26565","2026-08-15 00:03:41 +01:00","5ec0f1cd92c13aa913c4bb06548c20728c9ebba69fb0470d7c38ae4c5855df19"
"outputs\experiments\citation-analysis\figure_3_retrieval_outcomes.png","140871","2026-08-15 00:03:40 +01:00","4a4c02a2472a1669769dbbb2a28eb33884796e2496e4a0bb9c6493c8074ac0e1"
"outputs\experiments\citation-analysis\input_type_normalized_metrics.csv","181","2026-08-15 00:12:08 +01:00","89db52caea23e14915682fc52e629f897273ad559bccaae593250922004ff700"
"outputs\experiments\citation-analysis\paper_results_metrics.csv","442","2026-08-15 00:03:41 +01:00","6a1b3bd5407d1725817cbb918be02d54debcdc6611597eea1729545ab0bd17a7"
"outputs\verifier_metrics_v1.json","6720","2026-08-18 16:56:39 +01:00","e44577c7b36fb9413f3f0d14f9f372e6eea880d49ace26bd6df03f883be18710"
"outputs\verifier_predictions_v1.csv","115046","2026-08-18 16:56:39 +01:00","0f624f8ef235a3b36ad4b3cdc597a5238429908701d038e4e50c8f3f3c7ee89f"
"README.md","3224","2026-08-18 18:27:34 +01:00","883de30c57d9ff367d113494b74d89c72c1c2671e72aab4ab06e0de9831f3e2b"
"src\build_citation_summary.py","5773","2026-08-14 23:58:18 +01:00","0c0f909086bb4c1f01783f566c1cbacef2a50f21631728c58371d72e56e38132"
"src\build_retrieval_analysis.py","7914","2026-08-14 21:32:20 +01:00","4b9b429ef00b48c4d6f1cb7629b6224a96f35ae5866da04c298caac2b10b76de"
"src\build_unique_citation_review.py","9481","2026-08-14 22:07:36 +01:00","0ac2f7b19bcb6deb9beec2afa33968642cb6841d01ca87ba8d458310aa409766"
"src\export-corpus-registry.ts","4409","2026-08-14 19:52:31 +01:00","f4d600a19ead93c43a1e2202055c1639a5ce0e464e7c848566d3d095ac2a2eb8"
"src\extract_judgment_citations.py","8176","2026-08-14 21:40:35 +01:00","138498905b7d2099d8826baddc260c77d47c798fea331536e2e96ef41b3c425a"
"src\hercules_verifier\examples\authoritative_sources_template.csv","265","2026-08-18 16:52:48 +01:00","e186f0dce498c1c5b48c416922aaa1b2726282eb13cb9878b33e4d6aab421218"
"src\hercules_verifier\examples\corpus_registry_template.csv","210","2026-08-18 16:52:48 +01:00","b7389278785690e52209798f66a685f18413b94f7fbc04a84a369a82e26eaf4a"
"src\hercules_verifier\hercules_verifier.py","35053","2026-08-18 16:52:48 +01:00","f6a94a714cd518631cc5056c8e5866c79182382f4c1d6c7cef3f5fe1eb17e533"
"src\hercules_verifier\README.md","4328","2026-08-18 16:52:48 +01:00","b4fba38fb7a35ad2954c9e88f8d698e73234f82cb77d62ba2e9c3966879a0cc9"
"src\hercules_verifier\requirements.txt","17","2026-08-18 16:52:48 +01:00","9bba605fd7b6ea23038de15e5a1ae6714b3d3fb14ed2d6e6bedbfb0665ca2122"
"src\hercules_verifier\tests\test_verifier.py","2334","2026-08-18 16:52:48 +01:00","d7153740e5d77f695fffe9fa23842a13354ca88091802804cceb9d3e2ae3f5e9"
"src\prefill_holding_grounding.py","17249","2026-08-16 13:36:28 +01:00","131d1888d9506f646c8f7671686c64111e538e1f11b7348dc9470d72671a97d9"
"src\verify_citation_retrieval.py","19934","2026-08-14 21:56:14 +01:00","bf356d187d4143f86004d98005aa389c802366440d96c3033b3a2fa5d5442b5d"
